{
    "workflow_version": "1.2.0",
    "timestamps": {
        "started": "2025-12-20T01:43:00.000Z",
        "last_updated": "2025-12-20T01:45:00.000Z"
    },
    "mode": "initial_scan",
    "scan_level": "exhaustive",
    "project_root": "C:\\Users\\Admin\\Documents\\coding-project\\project-alpha-master\\project-alpha-master",
    "output_folder": "C:\\Users\\Admin\\Documents\\coding-project\\project-alpha-master\\project-alpha-master\\_bmad-output",
    "completed_steps": [
        {
            "step": "step_0.5",
            "status": "completed",
            "timestamp": "2025-12-20T01:43:18.000Z",
            "summary": "Loaded documentation requirements for 12 project types"
        },
        {
            "step": "step_0.6",
            "status": "completed",
            "timestamp": "2025-12-20T01:43:18.000Z",
            "summary": "User selected exhaustive scan mode"
        },
        {
            "step": "step_1",
            "status": "completed",
            "timestamp": "2025-12-20T01:45:00.000Z",
            "summary": "Classified as web monolith with 1 part"
        }
    ],
    "current_step": "step_2",
    "project_classification": {
        "repository_type": "monolith",
        "parts_count": 1,
        "primary_tech": "TypeScript, React 19, TanStack Start"
    },
    "project_types": [
        {
            "part_id": "main",
            "project_type_id": "web",
            "display_name": "Web Application"
        }
    ],
    "findings": {
        "project_structure": {
            "type": "monolith",
            "root_directories": [
                "src",
                "docs",
                "public",
                "_bmad"
            ],
            "critical_directories": [
                "src/lib",
                "src/components",
                "src/routes"
            ]
        },
        "technology_stack": {
            "language": "TypeScript 5.9",
            "framework": "TanStack Start 1.141.7",
            "ui_library": "React 19.2.3",
            "bundler": "Vite 7.3.0",
            "key_dependencies": [
                "@webcontainer/api 1.6.1",
                "@monaco-editor/react 4.7.0",
                "@xterm/xterm 5.5.0",
                "isomorphic-git 1.36.1",
                "idb 8.0.3",
                "@tanstack/ai-gemini 0.0.3"
            ]
        },
        "lib_domains": {
            "filesystem": "20 files - FSA adapter, sync manager, path utilities",
            "webcontainer": "5 files - WebContainer manager, terminal adapter, process manager",
            "workspace": "11 files - WorkspaceContext, project/conversation/ide-state stores",
            "events": "event bus infrastructure",
            "persistence": "IndexedDB persistence layer",
            "editor": "Monaco editor utilities"
        },
        "components": {
            "ide": [
                "FileTree",
                "MonacoEditor",
                "PreviewPanel",
                "XTerminal",
                "AgentChatPanel",
                "SyncStatusIndicator"
            ],
            "layout": "IDE layout components",
            "ui": "Shared UI components"
        },
        "routes": {
            "index": "Dashboard/home page",
            "workspace": "IDE workspace route",
            "demo": "Demo routes"
        }
    },
    "outputs_generated": [
        "project-scan-report.json"
    ],
    "resume_instructions": "Continue from step 2: Discover existing documentation"
}