<context story="21-3-language-switcher-and-persistence" created="2025-12-20T11:30:00+07:00">
  <files>
    <file path="src/i18n/config.ts">
      <content><![CDATA[
// ... existing config with detector ...
      ]]></content>
    </file>
    <file path="src/i18n/LocaleProvider.tsx">
      <content><![CDATA[
// ... existing provider ...
      ]]></content>
    </file>
    <file path="src/components/Header.tsx">
      <content><![CDATA[
// ... need to see this file to fetch correct insertion point ...
      ]]></content>
    </file>
  </files>
  
  <research_notes>
    <finding source="exa" query="accessible language switcher react">
      Best practice: Use a button or select with aria-label.
      Persistence: Already handled by i18next-browser-languagedetector (localStorage).
    </finding>
  </research_notes>
  
  <technical_notes>
    <note priority="high">Use `useTranslation().i18n.changeLanguage()` to switch.</note>
    <note priority="medium">Style with Tailwind to match Header.</note>
  </technical_notes>
</context>
