<context story="21-5-ui-migration-wave-2-ide-surfaces" created="2025-12-20T11:45:00+07:00">
  <files>
    <file path="src/components/ide/SyncStatusIndicator.tsx" />
    <file path="src/components/ide/XTerminal.tsx" />
    <file path="src/components/ide/FileTree/FileTree.tsx" />
    <file path="src/components/ide/PreviewPanel/PreviewPanel.tsx" />
  </files>
  <technical_notes>
    <note priority="high">Use `t('key', 'default')` pattern.</note>
    <note priority="medium">Run scanner after instrumentation.</note>
  </technical_notes>
</context>
