<context story="branding-overhaul" created="2025-12-20">
  <files>
    <file path="src/routes/__root.tsx">
      <content><![CDATA[
import { HeadContent, Scripts, createRootRoute } from '@tanstack/react-router'
import { TanStackRouterDevtoolsPanel } from '@tanstack/react-router-devtools'
import { TanStackDevtools } from '@tanstack/react-devtools'

import Header from '../components/Header'
import { LocaleProvider } from '../i18n/LocaleProvider'

import appCss from '../styles.css?url'

export const Route = createRootRoute({
  head: () => ({
    meta: [
      {
        charSet: 'utf-8',
      },
      {
        name: 'viewport',
        content: 'width=device-width, initial-scale=1',
      },
      {
        title: 'TanStack Start Starter',
      },
      {
        property: 'og:locale',
        content: 'en',
      },
    ],
    links: [
      {
        rel: 'stylesheet',
        href: appCss,
      },
    ],
  }),

  shellComponent: RootDocument,
})

function RootDocument({ children }: { children: React.ReactNode }) {
  return (
    <html lang="en">
      <head>
        <HeadContent />
      </head>
      <body>
        <LocaleProvider>
          <Header />
          {children}
          <TanStackDevtools
            config={{
              position: 'bottom-right',
            }}
            plugins={[
              {
                name: 'Tanstack Router',
                render: <TanStackRouterDevtoolsPanel />,
              },
            ]}
          />
        </LocaleProvider>
        <Scripts />
      </body>
    </html>
  )
}
      ]]></content>
    </file>
    <file path="src/components/Header.tsx">
      <content><![CDATA[
import { Link } from '@tanstack/react-router'
import { useState } from 'react'
import { useTranslation } from 'react-i18next'
import {
  ChevronDown,
  ChevronRight,
  Home,
  Menu,
  Network,
  SquareFunction,
  StickyNote,
  X,
} from 'lucide-react'
import { LanguageSwitcher } from './LanguageSwitcher'

export default function Header() {
  const { t } = useTranslation()
  const [isOpen, setIsOpen] = useState(false)
  const [groupedExpanded, setGroupedExpanded] = useState<
    Record<string, boolean>
  >({})

  return (
    <>
      <header className="p-4 flex items-center bg-gray-800 text-white shadow-lg">
        <button
          onClick={() => setIsOpen(true)}
          className="p-2 hover:bg-gray-700 rounded-lg transition-colors"
          aria-label="Open menu"
        >
          <Menu size={24} />
        </button>
        <h1 className="ml-4 text-xl font-semibold">
          <Link to="/">
            <img
              src="/tanstack-word-logo-white.svg"
              alt="TanStack Logo"
              className="h-10"
            />
          </Link>
        </h1>
        <div className="ml-auto">
          <LanguageSwitcher />
        </div>
      </header>
...
// (truncated for brevity, see full file in history)
      ]]></content>
    </file>
    <file path="src/i18n/en.json">
      <content><![CDATA[
{
  "welcome": "Welcome to Via-Gent",
  "dashboard.title": "Dashboard",
  "dashboard.emptyTitle": "No Recent Projects",
  "dashboard.emptySubtitle": "Open a local folder to get started with Via-Gent.",
  ...
}
      ]]></content>
    </file>
    <file path="src/i18n/vi.json">
      <content><![CDATA[
{
  "welcome": "Chào mừng đến với Via-Gent",
  "dashboard.title": "Bảng điều khiển",
  ...
}
      ]]></content>
    </file>
  </files>

  <research_notes>
    <finding source="manual" query="TanStack DevTools Production">
      TanStack DevTools should be excluded from production. Common pattern is checking process.env.NODE_ENV or conditionally rendering.
      Current implementation imports directly.
    </finding>
    <finding source="manual" query="Logo SVG">
      Current logo is TanStack React logo (SVG). It is referenced in Header.tsx as "/tanstack-word-logo-white.svg" but also src/logo.svg exists.
      Need to replace both or unify.
    </finding>
    <finding source="manual" query="Onboarding Requirement">
      User wants an interactive "Pitch" board. Design: Glassmorphism/Dark/Premium.
      Component stack: Stacked cards or grid layout.
      Content: Intro, Author (Linh Nguyen), Contact.
    </finding>
  </research_notes>

  <technical_notes>
    <note priority="high">Update src/routes/__root.tsx meta title to 'Via-gent'.</note>
    <note priority="high">Replace Header logo with new Via-gent asset.</note>
    <note priority="medium">Create src/components/dashboard/Onboarding.tsx and integrate into index.tsx.</note>
    <note priority="medium">Ensure full localization for new keys.</note>
  </technical_notes>
</context>
